msa,msa_code,state,short_name,weather_station
"Abilene, TX Metro Area",100,TX,Abilene,"ABILENE REGIONAL AIRPORT, TX US"
"Akron, OH Metro Area",101,OH,Akron,"AKRON FULTON INTERNATIONAL AIRPORT, OH US"
"Albany, GA Metro Area",102,GA,"Albany, GA","ALBANY SW GEORGIA REGIONAL AIRPORT, GA US"
"Albany, OR Metro Area",103,OR,"Albany, OR",
"Albany-Schenectady-Troy, NY Metro Area",104,NY,"Albany, NY","ALBANY INTERNATIONAL AIRPORT, NY US"
"Albuquerque, NM Metro Area",105,NM,Albuquerque,"ALBUQUERQUE INTERNATIONAL AIRPORT, NM US"
"Alexandria, LA Metro Area",106,ME,"Alexandria, LA","ALEXANDRIA INTERNATIONAL AIRPORT, LA US"
"Allentown-Bethlehem-Easton, PA-NJ Metro Area",107,Multiple,Allentown,"ALLENTOWN LEHIGH VALLEY INTERNATIONAL AIRPORT, PA US"
"Altoona, PA Metro Area",108,PA,Altoona,"ALTOONA 7 SW, PA US"
"Amarillo, TX Metro Area",109,TX,Amarillo,"AMARILLO AIRPORT, TX US"
"Ames, IA Metro Area",110,IA,Ames,"AMES MUNICIPAL AIRPORT, IA US"
"Amherst Town-Northampton, MA Metro Area",111,MA,Amherst,"AMHERST, MA US"
"Anchorage, AK Metro Area",112,AK,Anchorage,"ANCHORAGE FORECAST OFFICE, AK US"
"Ann Arbor, MI Metro Area",113,MI,Ann Arbor,"ANN ARBOR U OF MICH, MI US"
"Anniston-Oxford, AL Metro Area",114,AL,Anniston,"ANNISTON METROPOLITAN AIRPORT, AL US"
"Appleton, WI Metro Area",115,WI,Appleton,"APPLETON, WI US"
"Asheville, NC Metro Area",116,NC,Asheville,"ASHEVILLE, NC US"
"Athens-Clarke County, GA Metro Area",117,GA,Athens,"ATHENS BEN EPPS AIRPORT, GA US"
"Atlanta-Sandy Springs-Roswell, GA Metro Area",118,GA,Atlanta,"ATLANTA HARTSFIELD JACKSON INTERNATIONAL AIRPORT, GA US"
"Atlantic City-Hammonton, NJ Metro Area",119,NJ,Atlantic City,"ATLANTIC CITY MARINA, NJ US"
"Auburn-Opelika, AL Metro Area",120,AL,Auburn,"AUBURN OPELIKA AIRPORT, AL US"
"Augusta-Richmond County, GA-SC Metro Area",121,Multiple,Augusta,"AUGUSTA BUSH FIELD AIRPORT, GA US"
"Austin-Round Rock-San Marcos, TX Metro Area",122,TX,Austin,"AUSTIN CAMP MABRY, TX US"
"Bakersfield-Delano, CA Metro Area",123,CA,Bakersfield,"BAKERSFIELD AIRPORT, CA US"
"Baltimore-Columbia-Towson, MD Metro Area",124,MD,Baltimore,"BALTIMORE WASHINGTON INTERNATIONAL AIRPORT, MD US"
"Bangor, ME Metro Area",125,ME,Bangor,"BANGOR INTERNATIONAL AIRPORT, ME US"
"Barnstable Town, MA Metro Area",126,MA,Barnstable,"HYANNIS BARNSTABLE MUNICIPAL AIRPORT, MA US"
"Baton Rouge, LA Metro Area",127,LA,Baton Rouge,"BATON ROUGE METRO AIRPORT, LA US"
"Battle Creek, MI Metro Area",128,MI,Battle Creek,"BATTLE CREEK KELLOGG AIRPORT, MI US"
"Bay City, MI Metro Area",129,MI,Bay City,
"Beaumont-Port Arthur, TX Metro Area",130,TX,Beaumont,"PORT ARTHUR SE TX REGIONAL AIRPORT, TX US"
"Beckley, WV Metro Area",131,WV,Beckley,"BECKLEY RALEIGH CO AIRPORT, WV US"
"Bellingham, WA Metro Area",132,WA,Bellngham,"BELLINGHAM INTERNATIONAL AIRPORT, WA US"
"Bend, OR Metro Area",133,OR,Bend,"REDMOND AIRPORT, OR US"
"Billings, MT Metro Area",134,MT,Billings,"BILLINGS INTERNATIONAL AIRPORT, MT US"
"Binghamton, NY Metro Area",135,NY,Binghamton,"BINGHAMTON GREATER AP, NY US"
"Birmingham, AL Metro Area",136,AL,Birmingham,"BIRMINGHAM AIRPORT, AL US"
"Bismarck, ND Metro Area",137,ND,Bismark,"BISMARCK MUNICIPAL AIRPORT, ND US"
"Blacksburg-Christiansburg-Radford, VA Metro Area",138,VA,Blacksburg,"BLACKSBURG NATIONAL WEATHER SERVICE OFFICE, VA US"
"Bloomington, IL Metro Area",139,IL,"Bloomington, IL","BLOOMINGTON NORMAL AIRPORT, IL US"
"Bloomington, IN Metro Area",140,IN,"Bloomington, IN","BLOOMINGTON MONROE CO AIRPORT, IN US"
"Boise City, ID Metro Area",141,ID,Boise,"BOISE AIR TERMINAL, ID US"
"Boston-Cambridge-Newton, MA-NH Metro Area",142,Multiple,Boston,"BOSTON LOGAN INTERNATIONAL AIRPORT, MA US"
"Boulder, CO Metro Area",143,CO,Boulder,"BOULDER, CO US"
"Bowling Green, KY Metro Area",144,KY,Bowling Green,"BOWLING GREEN WARREN CO AIRPORT, KY US"
"Bozeman, MT Metro Area",145,MT,Bozeman,"BOZEMAN GALLATIN FIELD AIRPORT, MT US"
"Bremerton-Silverdale-Port Orchard, WA Metro Area",146,WA,Bremerton,"BREMERTON, WA US"
"Bridgeport-Stamford-Danbury, CT Metro Area",147,CT,Bridgeport,"IGOR I SIKORSKY MEMORIAL AIRPORT, CT US"
"Brownsville-Harlingen, TX Metro Area",148,TX,Brownsville,"BROWNSVILLE S PADRE ISLAND INTERNATIONAL AIRPORT, TX US"
"Brunswick-St. Simons, GA Metro Area",149,GA,Brunswick,"BRUNSWICK MCKINNON AIRPORT, GA US"
"Buffalo-Cheektowaga, NY Metro Area",150,NY,Buffalo,"BUFFALO NIAGARA INTERNATIONAL AIRPOR, NY US"
"Burlington, NC Metro Area",151,NC,"Burlington, NC","BURLINGTON ALAMANCE REGIONAL AIRPORT, NC US"
"Burlington-South Burlington, VT Metro Area",152,VT,"Burlington, VT","BURLINGTON INTERNATIONAL AIRPORT, VT US"
"Canton-Massillon, OH Metro Area",153,OH,Canton,"AKRON CANTON AIRPORT, OH US"
"Cape Coral-Fort Myers, FL Metro Area",154,FL,Cape Coral,"FORT MYERS PAGE FIELD AIRPORT, FL US"
"Cape Girardeau, MO-IL Metro Area",155,Multiple,Cape Girardeau,"CAPE GIRARDEAU FAA AIRPORT, MO US"
"Carson City, NV Metro Area",156,NV,Carson City,"CARSON CITY, NV US"
"Casper, WY Metro Area",157,WY,Casper,"CASPER NATRONA CO AIRPORT, WY US"
"Cedar Rapids, IA Metro Area",158,IA,Ceder Rapids,"CEDAR RAPIDS MUNICIPAL AIRPORT, IA US"
"Chambersburg, PA Metro Area",159,PA,Chambersburg,"CHAMBERSBURG 1 ESE, PA US"
"Champaign-Urbana, IL Metro Area",160,IL,Champaign,"CHAMPAIGN URBANA WILLARD AIRPORT, IL US"
"Charleston, WV Metro Area",161,WV,"Charleston, WV","CHARLESTON WEST VIRGINIA INTERNATIONAL YEAGER AIRPORT, WV US"
"Charleston-North Charleston, SC Metro Area",162,SC,"Charleston, SC","CHARLESTON INTL. AIRPORT, SC US"
"Charlotte-Concord-Gastonia, NC-SC Metro Area",163,Multiple,Charlotte,"CHARLOTTE DOUGLAS AIRPORT, NC US"
"Charlottesville, VA Metro Area",164,VA,Charlottesville,"CHARLOTTESVILLE ALBEMARLE AIRPORT, VA US"
"Chattanooga, TN-GA Metro Area",165,Multiple,Chattanooga,"CHATTANOOGA AIRPORT, TN US"
"Cheyenne, WY Metro Area",166,WY,Cheyenne,"CHEYENNE WSFO AIRPORT, WY US"
"Chicago-Naperville-Elgin, IL-IN Metro Area",167,Multiple,Chicago,"CHICAGO MIDWAY AIRPORT 3 SW, IL US"
"Chico, CA Metro Area",168,CA,Chico,"DE SABLA, CA US"
"Cincinnati, OH-KY-IN Metro Area",169,Multiple,Cincinnati,"CINCINNATI MUNICIPAL AIRPORT LUNKEN FIELD, OH US"
"Clarksville, TN-KY Metro Area",170,Multiple,Clarksville,"CLARKSVILLE OUTLAW AIRPORT, TN US"
"Cleveland, OH Metro Area",171,OH,"Cleveland, OH","CLEVELAND HOPKINS INTERNATIONAL AIRPORT, OH US"
"Cleveland, TN Metro Area",172,TN,"Cleveland, TN","CLEVELAND FILTER PLANT, TN US"
"Coeur d'Alene, ID Metro Area",173,ID,Coeur d'Alene,"COEUR D ALENE, ID US"
"College Station-Bryan, TX Metro Area",174,TX,College Station,"COLLEGE STATION EASTERWOOD FIELD, TX US"
"Colorado Springs, CO Metro Area",175,CO,Colorado Springs,"COLORADO SPRINGS MUNICIPAL AIRPORT, CO US"
"Columbia, MO Metro Area",176,MO,"Columbia, MO","COLUMBIA REGIONAL AIRPORT, MO US"
"Columbia, SC Metro Area",177,SC,"Columbia, SC","COLUMBIA METROPOLITAN AIRPORT, SC US"
"Columbus, GA-AL Metro Area",178,Multiple,"Columbus, GA","COLUMBUS METROPOLITAN AIRPORT, GA US"
"Columbus, IN Metro Area",179,IN,"Columbus, IN","COLUMBUS, IN US"
"Columbus, OH Metro Area",180,OH,"Columbus, OH","JOHN GLENN INTERNATIONAL AIRPORT, OH US"
"Corpus Christi, TX Metro Area",181,TX,Corpus Christi,"CORPUS CHRISTI INTERNATIONAL AIRPORT, TX US"
"Corvallis, OR Metro Area",182,OR,Corvallis,"CORVALLIS STATE UNIVERSITY, OR US"
"Crestview-Fort Walton Beach-Destin, FL Metro Area",183,FL,Crestview,"CRESTVIEW FAA AP, FL US"
"Dallas-Fort Worth-Arlington, TX Metro Area",184,TX,Dallas,"DALLAS FAA AIRPORT, TX US"
"Dalton, GA Metro Area",185,GA,Dalton,"CHATSWORTH 2, GA US"
"Daphne-Fairhope-Foley, AL Metro Area",186,AL,Daphne,"FAIRHOPE 2 NE, AL US"
"Davenport-Moline-Rock Island, IA-IL Metro Area",187,Multiple,Davenport,"MOLINE QUAD CITY INTERNATIONAL AIRPORT, IL US"
"Dayton-Kettering-Beavercreek, OH Metro Area",188,OH,Dayton,"DAYTON INTERNATIONAL AIRPORT, OH US"
"Decatur, AL Metro Area",189,AL,"Decatur, AL","DECATUR PRYOR FIELD, AL US"
"Decatur, IL Metro Area",190,IL,"Decatur, IL","DECATUR AIRPORT, IL US"
"Deltona-Daytona Beach-Ormond Beach, FL Metro Area",191,FL,Deltona,"DAYTONA BEACH INTERNATIONAL AIRPORT, FL US"
"Denver-Aurora-Centennial, CO Metro Area",192,CO,Denver,"DENVER INTERNATIONAL AIRPORT, CO US"
"Des Moines-West Des Moines, IA Metro Area",193,IA,Des Moines,"DES MOINES INTERNATIONAL AIRPORT, IA US"
"Detroit-Warren-Dearborn, MI Metro Area",194,MI,Detroit,"DETROIT CITY AIRPORT, MI US"
"Dothan, AL Metro Area",195,AL,Dothan,"DOTHAN REGIONAL AIRPORT, AL US"
"Dover, DE Metro Area",196,DE,Dover,"DOVER, DE US"
"Dubuque, IA Metro Area",197,IA,Dubuque,"DUBUQUE REGIONAL AIRPORT, IA US"
"Duluth, MN-WI Metro Area",198,Multiple,Duluth,"DULUTH INTERNATIONAL AIRPORT, MN US"
"Durham-Chapel Hill, NC Metro Area",199,NC,Durham,"RALEIGH DURHAM INTERNATIONAL AIRPORT, NC US"
"Eagle Pass, TX Metro Area",200,TX,Eagle Pass,"PIEDRAS NEGRAS OBS, MX"
"Eau Claire, WI Metro Area",201,WI,Eau Claire,"EAU CLAIRE 3 SW, WI US"
"El Centro, CA Metro Area",202,CA,El Centro,"IMPERIAL CO AIRPORT, CA US"
"Elizabethtown, KY Metro Area",203,KY,Elizabethtown,
"Elkhart-Goshen, IN Metro Area",204,IN,Elkhart,"GOSHEN 3 SW, IN US"
"Elmira, NY Metro Area",205,NY,Elmira,"ELMIRA CORNING REGIONAL AIRPORT, NY US"
"El Paso, TX Metro Area",206,TX,El Paso,"EL PASO INTERNATIONAL AIRPORT, TX US"
"Enid, OK Metro Area",207,OK,Enid,"ENID, OK US"
"Erie, PA Metro Area",208,PA,Erie,"ERIE INTERNATIONAL AIRPORT, PA US"
"Eugene-Springfield, OR Metro Area",209,OR,Eugene,"EUGENE MAHLON SWEET FIELD, OR US"
"Evansville, IN Metro Area",210,IN,Evansville,"EVANSVILLE REGIONAL AIRPORT, IN US"
"Fairbanks-College, AK Metro Area",211,AK,Fairbanks,"FAIRBANKS INTERNATIONAL AIRPORT, AK US"
"Fargo, ND-MN Metro Area",212,Multiple,Fargo,"FARGO HECTOR INTERNATIONAL AIRPORT, ND US"
"Farmington, NM Metro Area",213,NM,Farmington,"FARMINGTON AG SCIENCE CNT, NM US"
"Fayetteville, NC Metro Area",214,NC,"Fayetteville, NC","FAYETTEVILLE REGIONAL AIRPORT GRANNIS FIELD, NC US"
"Fayetteville-Springdale-Rogers, AR Metro Area",215,AR,"Fayetteville, AR","FAYETTEVILLE DRAKE FIELD, AR US"
"Flagstaff, AZ Metro Area",216,AZ,Flagstaff,"FLAGSTAFF AIRPORT, AZ US"
"Flint, MI Metro Area",217,MI,Flint,"FLINT FCWOS, MI US"
"Florence, SC Metro Area",218,SC,"Florence, SC","FLORENCE REGIONAL AIRPORT, SC US"
"Florence-Muscle Shoals, AL Metro Area",219,AL,"Florence, AL","MUSCLE SHOALS AIRPORT, AL US"
"Fond du Lac, WI Metro Area",220,WI,Fond du Lac,"FOND DU LAC CO AIRPORT, WI US"
"Fort Collins-Loveland, CO Metro Area",221,CO,Fort Collins,"FORT COLLINS, CO US"
"Fort Smith, AR-OK Metro Area",222,Multiple,Fort Smith,"FORT SMITH REGIONAL AIRPORT, AR US"
"Fort Wayne, IN Metro Area",223,IN,Fort Wayne,"FORT WAYNE INTERNATIONAL AIRPORT, IN US"
"Fresno, CA Metro Area",224,CA,Fresno,"FRESNO YOSEMITE INTERNATIONAL, CA US"
"Gadsden, AL Metro Area",225,AL,Gadsden,"GADSDEN MUNICIPAL AIRPORT, AL US"
"Gainesville, FL Metro Area",226,FL,"Gainesville, FL","GAINESVILLE REGIONAL AIRPORT, FL US"
"Gainesville, GA Metro Area",227,GA,"Gainesville, GA","GAINESVILLE LEE GILMER MEMORIAL AIRPORT, GA US"
"Gettysburg, PA Metro Area",228,PA,Gettysburg,"CASHTOWN 1 S, PA US"
"Glens Falls, NY Metro Area",229,NY,Glens Falls,"GLENS FALLS FLOYD BENNETT MEMORIAL AIRPORT, NY US"
"Goldsboro, NC Metro Area",230,NC,Goldsboro,"GOLDSBORO AG 1 N, NC US"
"Grand Forks, ND-MN Metro Area",231,Multiple,Grand Forks,"GRAND FORKS UNIVERSITY NWS, ND US"
"Grand Island, NE Metro Area",232,NE,Grand Island,"GRAND ISLAND CENTRAL NE REGIONAL AIRPORT, NE US"
"Grand Junction, CO Metro Area",233,CO,Grand Junction,"GRAND JUNCTION WALKER FIELD, CO US"
"Grand Rapids-Wyoming-Kentwood, MI Metro Area",234,MI,Grand Rapids,"GRAND RAPIDS GERALD R FORD INTERNATIONAL AIRPORT, MI US"
"Grants Pass, OR Metro Area",235,OR,Grants Pass,"GRANTS PASS, OR US"
"Great Falls, MT Metro Area",236,MT,Great Falls,"GREAT FALLS AIRPORT, MT US"
"Greeley, CO Metro Area",237,CO,Greeley,"GREELEY UNC, CO US"
"Green Bay, WI Metro Area",238,WI,Green Bay,"GREEN BAY A S INTERNATIONAL AIRPORT, WI US"
"Greensboro-High Point, NC Metro Area",239,NC,Greensboro,"GREENSBORO PIEDMONT TRIAD INTERNATIONAL AIRPORT, NC US"
"Greenville, NC Metro Area",240,NC,"Greenville, NC","GREENVILLE, NC US"
"Greenville-Anderson-Greer, SC Metro Area",241,SC,"Greenville, SC","GREENVILLE DOWNTOWN AIRPORT, SC US"
"Gulfport-Biloxi, MS Metro Area",242,MS,Gulfport,"GULFPORT BILOXI AIRPORT, MS US"
"Hagerstown-Martinsburg, MD-WV Metro Area",243,Multiple,Hagerstown,"HAGERSTOWN 1 E, MD US"
"Hammond, LA Metro Area",244,LA,Hammond,"PONCHATOULA 4 E, LA US"
"Hanford-Corcoran, CA Metro Area",245,CA,Hanford,"HANFORD MUNICIPAL AIRPORT, CA US"
"Harrisburg-Carlisle, PA Metro Area",246,PA,Harrisburg,"HARRISBURG CAPITAL CITY AIRPORT, PA US"
"Harrisonburg, VA Metro Area",247,VA,Harrisonburg,"DALE ENTERPRISE, VA US"
"Hartford-West Hartford-East Hartford, CT Metro Area",248,CT,Hartford,"HARTFORD BRAINARD AIRPORT, CT US"
"Hattiesburg, MS Metro Area",249,MS,Hattiesburg,"HATTIESBURG CHAIN MUNICIPAL AIRPORT, MS US"
"Helena, MT Metro Area",250,MT,Helena,"HELENA AIRPORT ASOS, MT US"
"Hickory-Lenoir-Morganton, NC Metro Area",251,NC,Hickory,"HICKORY FAA AIRPORT, NC US"
"Hilton Head Island-Bluffton-Port Royal, SC Metro Area",252,SC,Hilton Head,
"Hinesville, GA Metro Area",253,GA,Hinesville,"FORT STEWART, GA US"
"Homosassa Springs, FL Metro Area",254,FL,Homosassa Springs,
"Hot Springs, AR Metro Area",255,AR,Hot Springs,"HOT SPRINGS ASOS, AR US"
"Houma-Bayou Cane-Thibodaux, LA Metro Area",256,LA,Houma,"THIBODAUX 4 SE, LA US"
"Houston-Pasadena-The Woodlands, TX Metro Area",257,TX,Houston,"HOUSTON INTERCONTINENTAL AIRPORT, TX US"
"Huntington-Ashland, WV-KY-OH Metro Area",258,Multiple,Huntington,"HUNTINGTON TRI STATE AIRPORT, WV US"
"Huntsville, AL Metro Area",259,AL,Huntsville,"HUNTSVILLE INTNL AIRPORT, AL US"
"Idaho Falls, ID Metro Area",260,ID,Idaho Falls,"IDAHO FALLS FAA AIRPORT, ID US"
"Indianapolis-Carmel-Greenwood, IN Metro Area",261,IN,Indianapolis,"INDIANAPOLIS INTERNATIONAL AIRPORT, IN US"
"Iowa City, IA Metro Area",262,IA,Iowa City,"IOWA CITY MUNICIPAL AIRPORT, IA US"
"Ithaca, NY Metro Area",263,NY,Ithaca,"ITHACA CORNELL UNIVERSITY, NY US"
"Jackson, MI Metro Area",264,MI,"Jackson, MI","JACKSON REYNOLDS FIELD, MI US"
"Jackson, MS Metro Area",265,MS,"Jackson, MS","JACKSON INTERNATIONAL AIRPORT, MS US"
"Jackson, TN Metro Area",266,TN,"Jackson, TN","JACKSON EXPERIMENTAL STATION, TN US"
"Jacksonville, FL Metro Area",267,FL,"Jacksonville, FL","JACKSONVILLE INTERNATIONAL AIRPORT, FL US"
"Jacksonville, NC Metro Area",268,NC,"Jacksonville, NC","NEW RIVER MCAF, NC US"
"Janesville-Beloit, WI Metro Area",269,WI,Janesville,"AFTON JANESVILLE WWTP, WI US"
"Jefferson City, MO Metro Area",270,MO,Jefferson City,"JEFFERSON CITY MEMORIAL AIRPORT, MO US"
"Johnson City, TN Metro Area",271,TN,Johnson City,"ELIZABETHTON, TN US"
"Johnstown, PA Metro Area",272,PA,Johnstown,"JOHNSTOWN CAMBRIA CO AIRPORT, PA US"
"Jonesboro, AR Metro Area",273,AR,Jonesboro,"JONESBORO MUNICIPAL AIRPORT, AR US"
"Joplin, MO-KS Metro Area",274,Multiple,Joplin,"JOPLIN REGIONAL AIRPORT, MO US"
"Kahului-Wailuku, HI Metro Area",275,HI,Kahului,"KAHULUI AIRPORT, HI US"
"Kalamazoo-Portage, MI Metro Area",276,MI,Kalamazoo,"KALAMAZOO BATTLE CREEK INTERNATIONAL AIRPORT, MI US"
"Kankakee, IL Metro Area",277,IL,Kankakee,"KANKAKEE WWTP, IL US"
"Kansas City, MO-KS Metro Area",278,Multiple,Kansas City,"KANSAS CITY INTERNATIONAL AIRPORT, MO US"
"Kennewick-Richland, WA Metro Area",279,WA,Kennewick,"PASCO TRI CITIES AIRPORT, WA US"
"Kenosha, WI Metro Area",280,WI,Kenosha,"KENOSHA WWTP, WI US"
"Killeen-Temple, TX Metro Area",281,TX,Killeen,"KILLEEN, TX US"
"Kingsport-Bristol, TN-VA Metro Area",282,Multiple,Kingsport,"KINGSPORT, TN US"
"Kingston, NY Metro Area",283,NY,Kingston,"RHINEBECK 4 SE, NY US"
"Kiryas Joel-Poughkeepsie-Newburgh, NY Metro Area",284,NY,Kiryas Joel,"POUGHKEEPSIE HUDSON VALLEY REGIONAL AIRPORT, NY US"
"Knoxville, TN Metro Area",285,TN,Knoxville,"KNOXVILLE EXPERIMENTAL STATION, TN US"
"Kokomo, IN Metro Area",286,IN,Kokomo,"KOKOMO 3 WSW, IN US"
"La Crosse-Onalaska, WI-MN Metro Area",287,Multiple,La Crosse,"LA CROSSE REGIONAL AIRPORT, WI US"
"Lafayette, LA Metro Area",288,LA,"Lafayette, LA","LAFAYETTE REGIONAL AIRPORT, LA US"
"Lafayette-West Lafayette, IN Metro Area",289,IN,"Lafayette, IN","WEST LAFAYETTE 6 NW, IN US"
"Lake Charles, LA Metro Area",290,LA,Lake Charles,"LAKE CHARLES REGIONAL AIRPORT, LA US"
"Lake Havasu City-Kingman, AZ Metro Area",291,AZ,Lake Havasu,"KINGMAN AIRPORT, AZ US"
"Lakeland-Winter Haven, FL Metro Area",292,FL,Lakeland,"LAKELAND LINDER REGIONAL AIRPORT, FL US"
"Lancaster, PA Metro Area",293,PA,Lancaster,"LANCASTER AIRPORT, PA US"
"Lansing-East Lansing, MI Metro Area",294,MI,Lansing,"LANSING CAPITAL CITY AIRPORT, MI US"
"Laredo, TX Metro Area",295,TX,Laredo,"LAREDO 2, TX US"
"Las Cruces, NM Metro Area",296,NM,Las Cruces,"STATE UNIVERSITY, NM US"
"Las Vegas-Henderson-North Las Vegas, NV Metro Area",297,NV,Las Vegas,"MCCARRAN INTERNATIONAL AIRPORT, NV US"
"Lawrence, KS Metro Area",298,KS,Lawrence,"LAWRENCE ASOS, KS US"
"Lawton, OK Metro Area",299,OK,Lawton,"LAWTON MUNICIPAL AIRPORT, OK US"
"Lebanon, PA Metro Area",300,PA,Lebanon,"LEBANON 2 W, PA US"
"Lewiston, ID-WA Metro Area",301,Multiple,"Lewiston, ID","LEWISTON AIRPORT, ID US"
"Lewiston-Auburn, ME Metro Area",302,ME,"Lewiston, ME",
"Lexington-Fayette, KY Metro Area",303,KY,Lexington,"LEXINGTON BLUEGRASS AIRPORT, KY US"
"Lexington Park, MD Metro Area",304,MD,Lexington Park,"PATUXENT RIVER NAS, MD US"
"Lima, OH Metro Area",305,OH,Lima,"LIMA ALLEN CO AIRPORT, OH US"
"Lincoln, NE Metro Area",306,NE,Lincoln,"LINCOLN AIRPORT, NE US"
"Little Rock-North Little Rock-Conway, AR Metro Area",307,AR,Little Rock,"LITTLE ROCK AIRPORT ADAMS FIELD, AR US"
"Logan, UT-ID Metro Area",308,UT,Logan,"LOGAN 5 SW EXPERIMENTAL FARM, UT US"
"Longview, TX Metro Area",309,TX,"Longview, TX","LONGVIEW 11 SE, TX US"
"Longview-Kelso, WA Metro Area",310,WA,"Longview, WA","LONGVIEW, WA US"
"Los Angeles-Long Beach-Anaheim, CA Metro Area",311,CA,Los Angeles,"LOS ANGELES DOWNTOWN USC, CA US"
"Louisville/Jefferson County, KY-IN Metro Area",312,Multiple,Louisville,"LOUISVILLE INTERNATIONAL AIRPORT, KY US"
"Lubbock, TX Metro Area",313,TX,Lubbock,"LUBBOCK 9 N, TX US"
"Lynchburg, VA Metro Area",314,VA,Lynchburg,"LYNCHBURG REGIONAL AIRPORT, VA US"
"Macon-Bibb County, GA Metro Area",315,GA,Macon,"MACON MIDDLE GA REGIONAL AIRPORT, GA US"
"Madison, WI Metro Area",316,WI,Madison,"MADISON DANE CO REGIONAL AIRPORT, WI US"
"Manchester-Nashua, NH Metro Area",317,NH,Manchester,"MANCHESTER AIRPORT, NH US"
"Manhattan, KS Metro Area",318,KS,Manhattan,"MANHATTAN ASOS, KS US"
"Mankato, MN Metro Area",319,MN,Mankato,"MANKATO MUNICIPAL AIRPORT, MN US"
"Mansfield, OH Metro Area",320,OH,Mansfield,"MANSFIELD LAHM REGIONAL AIRPORT, OH US"
"McAllen-Edinburg-Mission, TX Metro Area",321,TX,McAllen,"MCALLEN MILLER INTERNATIONAL AIRPORT, TX US"
"Medford, OR Metro Area",322,OR,Medford,"MEDFORD INTERNATIONAL AIRPORT, OR US"
"Memphis, TN-MS-AR Metro Area",323,Multiple,Memphis,"MEMPHIS INTERNATIONAL AIRPORT, TN US"
"Merced, CA Metro Area",324,CA,Merced,"MERCED MUNICIPAL AIRPORT, CA US"
"Miami-Fort Lauderdale-West Palm Beach, FL Metro Area",325,FL,Miami,"HIALEAH, FL US"
"Michigan City-La Porte, IN Metro Area",326,IN,Michigan City,"LAPORTE, IN US"
"Midland, MI Metro Area",327,MI,"Midland, MI","MIDLAND, MI US"
"Midland, TX Metro Area",328,TX,"Midland, TX","MIDLAND INTERNATIONAL AIRPORT, TX US"
"Milwaukee-Waukesha, WI Metro Area",329,WI,Milwaukee,"WEST ALLIS, WI US"
"Minneapolis-St. Paul-Bloomington, MN-WI Metro Area",330,Multiple,Minneapolis,"UNIVERSITY OF MN ST. PAUL, MN US"
"Minot, ND Metro Area",331,ND,Minot,"MINOT INTERNATIONAL AIRPORT, ND US"
"Missoula, MT Metro Area",332,MT,Missoula,"MISSOULA INTERNATIONAL AIRPORT, MT US"
"Mobile, AL Metro Area",333,AL,Mobile,"MOBILE DOWNTOWN AIRPORT, AL US"
"Modesto, CA Metro Area",334,CA,Modesto,"MODESTO AIRPORT, CA US"
"Monroe, LA Metro Area",335,LA,"Monroe, LA","MONROE REGIONAL AIRPORT, LA US"
"Monroe, MI Metro Area",336,MI,"Monroe, MI",
"Montgomery, AL Metro Area",337,AL,Montgomery,"MONTGOMERY AIRPORT, AL US"
"Morgantown, WV Metro Area",338,WV,Morgantown,"MORGANTOWN MUNICIPAL AIRPORT, WV US"
"Morristown, TN Metro Area",339,TN,Morristown,"MORRISTOWN WEATHER FORECAST OFFICE, TN US"
"Mount Vernon-Anacortes, WA Metro Area",340,WA,Mount Vernon,"SEDRO WOOLLEY, WA US"
"Muncie, IN Metro Area",341,IN,Muncie,"MUNCIE DELAWARE CO AIRPORT, IN US"
"Muskegon-Norton Shores, MI Metro Area",342,MI,Muskegon,"MUSKEGON CO AIRPORT, MI US"
"Myrtle Beach-Conway-North Myrtle Beach, SC Metro Area",343,SC,Myrtle Beach,"NORTH MYRTLE BEACH, SC US"
"Napa, CA Metro Area",344,CA,Napa,"NAPA CO AIRPORT, CA US"
"Naples-Marco Island, FL Metro Area",345,FL,Naples,"NAPLES MUNICIPAL AIRPORT, FL US"
"Nashville-Davidson--Murfreesboro--Franklin, TN Metro Area",346,TN,Nashville,"NASHVILLE INTERNATIONAL AIRPORT, TN US"
"New Haven, CT Metro Area",347,CT,New Haven,"NEW HAVEN TWEED AIRPORT, CT US"
"New Orleans-Metairie, LA Metro Area",348,LA,New Orleans,"NEW ORLEANS AIRPORT, LA US"
"New York-Newark-Jersey City, NY-NJ Metro Area",349,Multiple,New York,"NY CITY CENTRAL PARK, NY US"
"Niles, MI Metro Area",350,MI,Niles,"NILES, MI US"
"North Port-Bradenton-Sarasota, FL Metro Area",351,FL,North Port,"SARASOTA BRADENTON AIRPORT, FL US"
"Norwich-New London-Willimantic, CT Metro Area",352,CT,Norwich,"NORWICH PUBLIC UTILITY PLANT, CT US"
"Ocala, FL Metro Area",353,FL,Ocala,"OCALA, FL US"
"Odessa, TX Metro Area",354,TX,Odessa,"ODESSA SCHLEMEYER FIELD, TX US"
"Ogden, UT Metro Area",355,UT,Ogden,"OGDEN HINKLEY AIRPORT, UT US"
"Oklahoma City, OK Metro Area",356,OK,Oklahoma City,"OKLAHOMA CITY WILL ROGERS WORLD AIRPORT, OK US"
"Olympia-Lacey-Tumwater, WA Metro Area",357,WA,Olympia,"OLYMPIA AIRPORT, WA US"
"Omaha, NE-IA Metro Area",358,Multiple,Omaha,"OMAHA EPPLEY AIRFIELD, NE US"
"Orlando-Kissimmee-Sanford, FL Metro Area",359,FL,Orlando,"ORLANDO EXECUTIVE AIRPORT, FL US"
"Oshkosh-Neenah, WI Metro Area",360,WI,Oshkosh,"OSHKOSH WITTMAN REGIONAL AIRPORT, WI US"
"Owensboro, KY Metro Area",361,KY,Owensboro,"OWENSBORO DAVIESS CO REGIONAL AIRPORT, KY US"
"Oxnard-Thousand Oaks-Ventura, CA Metro Area",362,CA,Oxnard,"OXNARD VENTURA CO AIRPORT, CA US"
"Paducah, KY-IL Metro Area",363,Multiple,Paducah,
"Palm Bay-Melbourne-Titusville, FL Metro Area",364,FL,Palm Bay,"MELBOURNE INTERNATIONAL AIRPORT, FL US"
"Panama City-Panama City Beach, FL Metro Area",365,FL,Panama City,"NORTHWEST FLORIDA BEACHES INTERNATIONAL AIRPORT, FL US"
"Parkersburg-Vienna, WV Metro Area",366,WV,Parkersburg,"PARKERSBURG MID OHIO VALLEY REGIONAL AIRPORT, WV US"
"Pensacola-Ferry Pass-Brent, FL Metro Area",367,FL,Pensacola,"PENSACOLA REGIONAL AIRPORT, FL US"
"Peoria, IL Metro Area",368,IL,Peoria,"GENERAL WAYNE A. DOWNING INTERNATIONAL AIRPORT, IL US"
"Philadelphia-Camden-Wilmington, PA-NJ-DE-MD Metro Area",369,Multiple,Philadelphia,"PHILADELPHIA INTERNATIONAL AIRPORT, PA US"
"Phoenix-Mesa-Chandler, AZ Metro Area",370,AZ,Phoenix,"PHOENIX AIRPORT, AZ US"
"Pinehurst-Southern Pines, NC Metro Area",371,NC,Pinehurst,
"Pittsburgh, PA Metro Area",372,PA,Pittsburgh,"PITTSBURGH ALLEGHENY CO AIRPORT, PA US"
"Pittsfield, MA Metro Area",373,MA,Pittsfield,"PITTSFIELD MUNICIPAL AIRPORT, MA US"
"Pocatello, ID Metro Area",374,ID,Pocatello,"POCATELLO REGIONAL AIRPORT, ID US"
"Portland-South Portland, ME Metro Area",375,ME,"Portland, ME","PORTLAND JETPORT, ME US"
"Portland-Vancouver-Hillsboro, OR-WA Metro Area",376,Multiple,"Portland, OR","PORTLAND INTERNATIONAL AIRPORT, OR US"
"Port St. Lucie, FL Metro Area",377,FL,Port St Lucie,"STUART, FL US"
"Prescott Valley-Prescott, AZ Metro Area",378,AZ,Prescott Valley,"PRESCOTT LOVE FIELD, AZ US"
"Providence-Warwick, RI-MA Metro Area",379,Multiple,Providence,"RHODE ISLAND T.F. GREEN INTERNATIONAL AIRPORT, RI US"
"Provo-Orem-Lehi, UT Metro Area",380,UT,Provo,"PROVO BYU, UT US"
"Pueblo, CO Metro Area",381,CO,Pueblo,"PUEBLO MEMORIAL AIRPORT, CO US"
"Punta Gorda, FL Metro Area",382,FL,Punta Gorda,"PUNTA GORDA CHARLOTTE CO AIRPORT, FL US"
"Racine-Mount Pleasant, WI Metro Area",383,WI,Racine,"RACINE BATTEN AIRPORT, WI US"
"Raleigh-Cary, NC Metro Area",384,NC,Raleigh,"RALEIGH STATE UNIVERSITY, NC US"
"Rapid City, SD Metro Area",385,SD,Rapid City,"RAPID CITY REGIONAL AIRPORT, SD US"
"Reading, PA Metro Area",386,PA,Reading,"READING REGIONAL AIRPORT, PA US"
"Redding, CA Metro Area",387,CA,Redding,"REDDING AIRPORT, CA US"
"Reno, NV Metro Area",388,NV,Reno,"RENO AIRPORT, NV US"
"Richmond, VA Metro Area",389,VA,Richmond,"RICHMOND INTERNATIONAL AIRPORT, VA US"
"Riverside-San Bernardino-Ontario, CA Metro Area",390,CA,Riverside,"RIVERSIDE MUNICIPAL AIRPORT, CA US"
"Roanoke, VA Metro Area",391,VA,Roanoke,"ROANOKE BLACKSBURG REGIONAL AIRPORT, VA US"
"Rochester, MN Metro Area",392,MN,"Rochester, MN","ROCHESTER INTERNATIONAL AIRPORT, MN US"
"Rochester, NY Metro Area",393,NY,"Rochester, NY","FREDERICK DOUGLASS GREATER ROCHESTER INTERNATIONAL AIRPORT, NY US"
"Rockford, IL Metro Area",394,IL,Rockford,"ROCKFORD GREATER ROCKFORD AIRPORT, IL US"
"Rocky Mount, NC Metro Area",395,NC,Rocky Mount,"ROCKY MOUNT WILSON AIRPORT, NC US"
"Rome, GA Metro Area",396,GA,Rome,"ROME R B RUSSELL AIRPORT, GA US"
"Sacramento-Roseville-Folsom, CA Metro Area",397,CA,Sacramento,"SACRAMENTO AIRPORT ASOS, CA US"
"Saginaw, MI Metro Area",398,MI,Saginaw,"SAGINAW MBS INTERNATIONAL AIRPORT, MI US"
"St. Cloud, MN Metro Area",399,MN,St Cloud,
"St. George, UT Metro Area",400,UT,St George,"ST. GEORGE, UT US"
"St. Joseph, MO-KS Metro Area",401,Multiple,St Joseph,"ST JOSEPH ROSECRANS MEMORIAL AIRPORT, MO US"
"St. Louis, MO-IL Metro Area",402,Multiple,St Louis,"CAHOKIA ST LOUIS DOWNTOWN AIRPORT, IL US"
"Salem, OR Metro Area",403,OR,Salem,"SALEM AIRPORT MCNARY FIELD, OR US"
"Salinas, CA Metro Area",404,CA,Salinas,"SALINAS AIRPORT, CA US"
"Salisbury, MD Metro Area",405,MD,Salisbury,"SALISBURY WICOMICO REGIONAL AIRPORT, MD US"
"Salt Lake City-Murray, UT Metro Area",406,UT,Salt Lake City,"SALT LAKE CITY INTERNATIONAL AIRPORT, UT US"
"San Angelo, TX Metro Area",407,TX,San Angelo,"SAN ANGELO MATHIS FIELD AIRPORT, TX US"
"San Antonio-New Braunfels, TX Metro Area",408,TX,San Antonio,"SAN ANTONIO INTERNATIONAL AIRPORT, TX US"
"San Diego-Chula Vista-Carlsbad, CA Metro Area",409,CA,San Diego,"SAN DIEGO INTERNATIONAL AIRPORT, CA US"
"Sandusky, OH Metro Area",410,OH,Sandusky,"SANDUSKY, OH US"
"San Francisco-Oakland-Fremont, CA Metro Area",411,CA,San Francisco,"SAN FRANCISCO INTERNATIONAL AIRPORT, CA US"
"San Jose-Sunnyvale-Santa Clara, CA Metro Area",412,CA,San Jose,"MOFFETT FEDERAL AIRFIELD, CA US"
"San Luis Obispo-Paso Robles, CA Metro Area",413,CA,San Luis Obispo,"SAN LUIS OBISPO MCCHESNEY FIELD, CA US"
"Santa Cruz-Watsonville, CA Metro Area",414,CA,Santa Cruz,"WATSONVILLE MUNICIPAL AIRPORT, CA US"
"Santa Fe, NM Metro Area",415,NM,Santa Fe,"SANTA FE CO MUNICIPAL AIRPORT, NM US"
"Santa Maria-Santa Barbara, CA Metro Area",416,CA,Santa Maria,"SANTA BARBARA MUNICIPAL AIRPORT, CA US"
"Santa Rosa-Petaluma, CA Metro Area",417,CA,Santa Rosa,"SANTA ROSA SONOMA CO AIRPORT, CA US"
"Savannah, GA Metro Area",418,GA,Savannah,"SAVANNAH HILTON HEAD INTERNATIONAL AIRPORT, GA US"
"Scranton--Wilkes-Barre, PA Metro Area",419,PA,Scranton,"WILKES BARRE SCRANTON INTERNATIONAL AIRPORT, PA US"
"Seattle-Tacoma-Bellevue, WA Metro Area",420,WA,Seattle,"SEATTLE BOEING FIELD, WA US"
"Sebastian-Vero Beach-West Vero Corridor, FL Metro Area",421,FL,Sebastian,"VERO BEACH INTERNATIONAL AIRPORT, FL US"
"Sebring, FL Metro Area",422,FL,Sebring,"AVON PARK 2 W, FL US"
"Sheboygan, WI Metro Area",423,WI,Sheboygan,"SHEBOYGAN WWTP, WI US"
"Sherman-Denison, TX Metro Area",424,TX,Sherman,"GRAYSON CO AIRPORT SHERMAN DENISON, TX US"
"Shreveport-Bossier City, LA Metro Area",425,LA,Shreveport,"SHREVEPORT AIRPORT, LA US"
"Sierra Vista-Douglas, AZ Metro Area",426,AZ,Sierra Vista,"FORT HUACHUCA SIERRA VISTA MUNICIPAL AIRPORT, AZ US"
"Sioux City, IA-NE-SD Metro Area",427,Multiple,Sioux City,"SIOUX CITY AIRPORT, IA US"
"Sioux Falls, SD-MN Metro Area",428,Multiple,Sioux Falls,"SIOUX FALLS FOSS FIELD, SD US"
"Slidell-Mandeville-Covington, LA Metro Area",429,LA,Slidell,"SLIDELL AIRPORT, LA US"
"South Bend-Mishawaka, IN-MI Metro Area",430,Multiple,South Bend,"SOUTH BEND AIRPORT, IN US"
"Spartanburg, SC Metro Area",431,SC,Spartanburg,"SPARTANBURG 3 SSE, SC US"
"Spokane-Spokane Valley, WA Metro Area",432,WA,Spokane,"SPOKANE INTERNATIONAL AIRPORT, WA US"
"Springfield, IL Metro Area",433,IL,"Springfield, IL","SPRINGFIELD ABRAHAM LINCOLN CAPITAL AIRPORT, IL US"
"Springfield, MA Metro Area",434,MA,"Springfield, MA","WESTFIELD BARNES REGIONAL AIRPORT, MA US"
"Springfield, MO Metro Area",435,MO,"Springfield, MO","SPRINGFIELD WEATHER SERVICE OFFICE AIRPORT, MO US"
"Springfield, OH Metro Area",436,OH,"Springfield, OH","SPRINGFIELD 2 WSW, OH US"
"State College, PA Metro Area",437,PA,State College,"STATE COLLEGE, PA US"
"Staunton-Stuarts Draft, VA Metro Area",438,VA,Staunton,"STAUNTON WATER TREATMENT PLANT, VA US"
"Stockton-Lodi, CA Metro Area",439,CA,Stockton,"STOCKTON AIRPORT, CA US"
"Sumter, SC Metro Area",440,SC,Sumter,"SUMTER, SC US"
"Syracuse, NY Metro Area",441,NY,Syracuse,"SYRACUSE HANCOCK INTERNATIONAL AIRPORT, NY US"
"Tallahassee, FL Metro Area",442,FL,Tallahassee,"TALLAHASSEE REGIONAL AIRPORT, FL US"
"Tampa-St. Petersburg-Clearwater, FL Metro Area",443,FL,Tampa,"TAMPA INTERNATIONAL AIRPORT, FL US"
"Terre Haute, IN Metro Area",444,IN,Terre Haute,"TERRE HAUTE HULMAN REGIONAL AIRPORT, IN US"
"Texarkana, TX-AR Metro Area",445,Multiple,Texarkana,"TEXARKANA WEBB FIELD, AR US"
"Toledo, OH Metro Area",446,OH,Toledo,"TOLEDO EXECUTIVE AIRPORT, OH US"
"Topeka, KS Metro Area",447,KS,Topeka,"TOPEKA ASOS, KS US"
"Traverse City, MI Metro Area",448,MI,Traverse City,"TRAVERSE CITY CHERRY CAPITAL AIRPORT, MI US"
"Trenton-Princeton, NJ Metro Area",449,NJ,Trenton,"TRENTON MERCER AIRPORT, NJ US"
"Tucson, AZ Metro Area",450,AZ,Tucson,"TUCSON INTERNATIONAL AIRPORT, AZ US"
"Tulsa, OK Metro Area",451,OK,Tulsa,"TULSA INTERNATIONAL AIRPORT, OK US"
"Tuscaloosa, AL Metro Area",452,AL,Tuscaloosa,"TUSCALOOSA AIRPORT ASOS, AL US"
"Twin Falls, ID Metro Area",453,ID,Twin Falls,"TWIN FALLS SUN VALLEY REGIONAL AIRPORT, ID US"
"Tyler, TX Metro Area",454,TX,Tyler,"TYLER POUNDS FIELD, TX US"
"Urban Honolulu, HI Metro Area",455,HI,Honolulu,"HONOLULU INTERNATIONAL AIRPORT, HI US"
"Utica-Rome, NY Metro Area",456,NY,Utica,"ROME GRIFFISS AIRFIELD, NY US"
"Valdosta, GA Metro Area",457,GA,Valdosta,"VALDOSTA REGIONAL AIRPORT, GA US"
"Vallejo, CA Metro Area",458,CA,Vallejo,"VALLEJO, CA US"
"Victoria, TX Metro Area",459,TX,Victoria,"VICTORIA REGIONAL AIRPORT, TX US"
"Vineland, NJ Metro Area",460,NJ,Vineland,"MILLVILLE MUNICIPAL AIRPORT, NJ US"
"Virginia Beach-Chesapeake-Norfolk, VA-NC Metro Area",461,Multiple,Virginia Beach,"NORFOLK INTERNATIONAL AIRPORT, VA US"
"Visalia, CA Metro Area",462,CA,Visalia,"VISALIA, CA US"
"Waco, TX Metro Area",463,TX,Waco,"WACO REGIONAL AIRPORT, TX US"
"Walla Walla, WA Metro Area",464,WA,Walla Walla,"WALLA WALLA REGIONAL AIRPORT, WA US"
"Warner Robins, GA Metro Area",465,GA,Warner Robins,"WARNER ROBINS, GA US"
"Washington-Arlington-Alexandria, DC-VA-MD-WV Metro Area",466,Multiple,Washington DC,"WASHINGTON REAGAN NATIONAL AIRPORT, VA US"
"Waterbury-Shelton, CT Metro Area",467,CT,Waterbury,"OXFORD WATERBURY, CT US"
"Waterloo-Cedar Falls, IA Metro Area",468,IA,Waterloo,"WATERLOO MUNICIPAL AIRPORT, IA US"
"Watertown-Fort Drum, NY Metro Area",469,NY,Watertown,"WATERTOWN, NY US"
"Wausau, WI Metro Area",470,WI,Wausau,"WAUSAU ASOS, WI US"
"Weirton-Steubenville, WV-OH Metro Area",471,Multiple,Weirton,"STEUBENVILLE, OH US"
"Wenatchee-East Wenatchee, WA Metro Area",472,WA,Wenatchee,"WENATCHEE PANGBORN MEMORIAL AIRPORT, WA US"
"Wheeling, WV-OH Metro Area",473,Multiple,Wheeling,"WHEELING OHIO CO AIRPORT, WV US"
"Wichita, KS Metro Area",474,KS,Wichita,"WICHITA DWIGHT D. EISENHOWER NATIONAL AIRPORT, KS US"
"Wichita Falls, TX Metro Area",475,TX,Wichita Falls,"WICHITA FALLS MUNICIPAL AIRPORT, TX US"
"Wildwood-The Villages, FL Metro Area",476,FL,Wildwood,
"Williamsport, PA Metro Area",477,PA,Williamsport,"WILLIAMSPORT REGIONAL AIRPORT, PA US"
"Wilmington, NC Metro Area",478,NC,Wilmington,"WILMINGTON INTERNATIONAL AIRPORT, NC US"
"Winchester, VA-WV Metro Area",479,Multiple,Winchester,"WINCHESTER 7 SE, VA US"
"Winston-Salem, NC Metro Area",480,NC,Winston-Salem,"WINSTON SALEM REYNOLDS AIRPORT, NC US"
"Worcester, MA Metro Area",481,MA,Worcester,"WORCESTER REGIONAL AIRPORT, MA US"
"Yakima, WA Metro Area",482,WA,Yakima,"YAKIMA AIRPORT, WA US"
"York-Hanover, PA Metro Area",483,PA,York,"HANOVER 4 SW, PA US"
"Youngstown-Warren, OH Metro Area",484,OH,Youngstown,"WARREN 3 S, OH US"
"Yuba City, CA Metro Area",485,CA,Yuba City,"MARYSVILLE AIRPORT ASOS, CA US"
"Yuma, AZ Metro Area",486,AZ,Yuma,"YUMA MCAS, AZ US"
"Aguadilla, PR Metro Area",487,PR,,"BORINQUEN AIRPORT, PR US"
"Arecibo, PR Metro Area",488,PR,,
"Guayama, PR Metro Area",489,PR,,"GUAYAMA 1 SW, PR US"
"Mayagüez, PR Metro Area",490,PR,,
"Ponce, PR Metro Area",491,PR,,
"San Juan-Bayamón-Caguas, PR Metro Area",492,PR,,"TOA BAJA LEVITTOWN, PR US"